{
  "version": "v0.2.c",
  "timestamp": "2025-09-27T08:26:48.281Z",
  "weights": {
    "CTA": 0.1,
    "Steps": 0.1,
    "Copy": 0.4,
    "Trust": 0.175,
    "Speed": 0.225
  },
  "metrics": {
    "macroF1": 0.26315789473684215,
    "r2": -4.621332386685056
  }
}